Workbook

Sheet Toelichting
A2: Toelichting SamenLeefMeter
A3: SamenLeefMeter | HevoFame | H.B. van Dalfzen - Afstudeeronderzoek Vastgoedkunde 2026
B5: DE SAMENLEEFMETER?
B15: GEBRUIK SAMENLEEFMETER?
B30: SCORINGSRICHTLIJN
B39: UITLEGKADER TOTAALSCORE
B51: BIJDRAGE AAN DE AFWEGING TRANSFORMATIE VS. SLOOP/NIEUWBOUW
B62: VETOVEREISTE CONSTRUCTIE
B66: CELNOTITIES

Sheet Dashboard
A2: SamenLeefMeter
A3: Locatiebeoordelingstool voor woonzorgconcepten | HevoFame | H.B. van Dalfzen – Hanze Vastgoedkunde 2026
A5: LOCATIEGEGEVENS
A6: Locatienaam / adres
A7: Beoordelaar
A8: Datum beoordeling | B8: =TEXT(TODAY(),"DD-MM-JJJJ") -> 10-06-2026
A9: UITKOMST SAMENLEEFMETER
A10: Gewogen totaalscore (max. 100) | B10: =Beoordeling!C37/Beoordeling!D37*100 -> 0
A11: Advies | B11: =IF(B10>=70,"GO — Locatie geschikt voor verdere verkenning",IF(B10>=50,"AANDACHT — Locatie heeft potentie maar vraagt nader onderzoek","NO-GO — Locatie voldoet niet aan de minimale eisen")) -> NO-GO — Locatie voldoet niet aan de minimale eisen
A12: SCORES PER CATEGORIE
A13: Categorie | B13: Gewogen score | C13: Max. score | D13: Score % | E13: Beoordeling
A14: Locatiekenmerken | B14: =Beoordeling!C31 -> 0 | C14: =Beoordeling!D31 -> 50 | D14: =IF(C14=0,0,B14/C14) -> 0 | E14: =IF(D14>=0.7,"Goed",IF(D14>=0.5,"Aandacht","Onvoldoende")) -> Onvoldoende
A15: Gebouwtechnische geschiktheid | B15: =Beoordeling!C32 -> 0 | C15: =Beoordeling!D32 -> 57 | D15: =IF(C15=0,0,B15/C15) -> 0 | E15: =IF(D15>=0.7,"Goed",IF(D15>=0.5,"Aandacht","Onvoldoende")) -> Onvoldoende
A16: Financiële haalbaarheid | B16: =Beoordeling!C33 -> 0 | C16: =Beoordeling!D33 -> 27 | D16: =IF(C16=0,0,B16/C16) -> 0 | E16: =IF(D16>=0.7,"Goed",IF(D16>=0.5,"Aandacht","Onvoldoende")) -> Onvoldoende
A17: Leefomgeving | B17: =Beoordeling!C34 -> 0 | C17: =Beoordeling!D34 -> 35 | D17: =IF(C17=0,0,B17/C17) -> 0 | E17: =IF(D17>=0.7,"Goed",IF(D17>=0.5,"Aandacht","Onvoldoende")) -> Onvoldoende
A18: Juridisch-planologisch | B18: =Beoordeling!C35 -> 0 | C18: =Beoordeling!D35 -> 12 | D18: =IF(C18=0,0,B18/C18) -> 0 | E18: =IF(D18>=0.7,"Goed",IF(D18>=0.5,"Aandacht","Onvoldoende")) -> Onvoldoende
A19: Organisatiekenmerken | B19: =Beoordeling!C36 -> 0 | C19: =Beoordeling!D36 -> 10 | D19: =IF(C19=0,0,B19/C19) -> 0 | E19: =IF(D19>=0.7,"Goed",IF(D19>=0.5,"Aandacht","Onvoldoende")) -> Onvoldoende
A20: UITLEGKADER
A21: GO = Score ≥ 70
A22: AANDACHT = Score 50–69
A23: NO-GO = Score < 50
A25: Gebaseerd op bureauonderzoek (Leefplekmeter, Transformatiepotentiemeter, Monitor Ouderenhuisvesting, Adaptive Reuse Theory, MCA – Najah 2012) én veldwerkonderzoek (6 semigestructureerde expertinterviews, 2026) | H.B. van Dalfzen – Hanze Vastgoedkunde 2026

Sheet Beoordeling
A2: Beoordelingsformulier SamenLeefMeter
A3: Vul per indicator een score in van 1 (zeer ongeschikt) t/m 10 (uitstekend geschikt). De wegingsfactor is aanpasbaar in het tabblad 'Wegingen'
B4: Blauwe cellen = invulvelden voor scores
A5: Indicator | C5: Toelichting | D5: Score (1-10) | E5: Wegingsfactor | F5: Gewogen score
A6: LOCATIEKENMERKEN
A7: Ligging & bereikbaarheid | C7: Bereikbaarheid van de locatie voor bewoners, bezoekers en zorgpersoneel per auto, fiets, openbaar vervoer en hulpdiensten. | E7: =Wegingen!C6 -> 1.5 | F7: =D7*E7 -> 0
A8: Nabijheid voorzieningen | C8: Aanwezigheid van dagelijkse voorzieningen in de directe omgeving, waaronder winkels, huisarts, apotheek, ontmoetingsplekken en openbaar vervoer. | E8: =Wegingen!C7 -> 1.2 | F8: =D8*E8 -> 0
A9: Sociaal-demografisch profiel | C9: Aansluiting van de bevolkingssamenstelling en maatschappelijke context van de omgeving op de beoogde doelgroep. | E9: =Wegingen!C8 -> 1 | F9: =D9*E9 -> 0
A10: Doelgroep & zorgzwaarte | C10: Mate waarin de locatie geschikt is voor de beoogde doelgroep en de daarbij behorende zorgvraag en ondersteuningsbehoefte. | E10: =Wegingen!C9 -> 1.3 | F10: =D10*E10 -> 0
A11: GEBOUWTECHNISCHE GESCHIKTHEID
A12: Constructie & stramienmaat | C12: Geschiktheid van de bestaande constructie, overspanningen en gebouwdiepte voor transformatie naar woonzorgfuncties. | E12: =Wegingen!C10 -> 2 | F12: =D12*E12 -> 0
A13: Technische staat & levensduur | C13: Bouwkundige en installatietechnische kwaliteit van het gebouw en de resterende functionele levensduur. | E13: =Wegingen!C11 -> 1.5 | F13: =D13*E13 -> 0
A14: Energielabel & duurzaamheid | C14: Prestatie van het gebouw op het gebied van energieverbruik, verduurzamingspotentie en toekomstige wet- en regelgeving. | E14: =Wegingen!C12 -> 1.2 | F14: =D14*E14 -> 0
A15: Aanpasbaarheid & flexibiliteit | C15: Mogelijkheid om het gebouw efficiënt aan te passen aan veranderende woon- en zorgbehoeften. | E15: =Wegingen!C13 -> 1 | F15: =D15*E15 -> 0
A16: FINANCIËLE HAALBAARHEID
A17: Transformatiekosten vs. nieuwbouw | C17: Verhouding tussen de verwachte investeringskosten van transformatie en de kosten van sloop/nieuwbouw | E17: =Wegingen!C14 -> 1.5 | F17: =D17*E17 -> 0
A18: Businesscase & opbrengstpotentie | C18: De verwachte opbrengsten van de ontwikkeling afgezet tegen de totale investeringskosten, inclusief grond, bouw en bijkomende kosten. | E18: =Wegingen!C15 -> 1.2 | F18: =D18*E18 -> 0
A19: LEEFOMGEVING & ZORGKENMERKEN
A20: Zorgmarkt & zorgaanbod omgeving | C20: Aanwezigheid van zorgaanbieders, samenwerkingspartners en de regionale behoefte aan woonzorgconcepten. | E20: =Wegingen!C16 -> 1 | F20: =D20*E20 -> 0
A21: Leefbaarheid & gemeenschapskwaliteit | C21: Kwaliteit van de woonomgeving, sociale cohesie, veiligheid en mogelijkheden voor ontmoeting en participatie. | E21: =Wegingen!C17 -> 0.8 | F21: =D21*E21 -> 0
A22: Huidig woonzorgaanbod & demografische ontwikkeling | C22: Inzicht in de regionale vraag naar woonzorgconcepten en de demografische ontwikkeling van de omgeving, waaronder vergrijzing en bevolkingsopbouw. | E22: =Wegingen!C19 -> 0.9 | F22: =D22*E22 -> 0
A23: Beschikbaarheid zorgpersoneel & zorgvisie | C23: Beschikbaarheid van voldoende zorgpersoneel in de regio en aansluiting op de zorgvisie van de beoogde zorgpartner. | E23: =Wegingen!C20 -> 0.8 | F23: =D23*E23 -> 0
A24: JURIDISCH-PLANOLOGISCH
A25: Juridisch-planologische haalbaarheid | C25: Passendheid binnen omgevingsplan, vergunningstrajecten en overige ruimtelijke regelgeving. | E25: =Wegingen!C18 -> 1.2 | F25: =D25*E25 -> 0
A26: ORGANISATIEKENMERKEN
A27: Strategische horizon | C27: De tijdshorizon en organisatievisie van de betrokken partij, die bepalend kunnen zijn voor de keuze tussen transformatie en sloop/nieuwbouw. | E27: =Wegingen!C21 -> 1 | F27: =D27*E27 -> 0
A29: TOTAALSCORE SamenLeefMeter
C30: Gewogen score | D30: Max. score | E30: Score %
A31: Locatiekenmerken | C31: =SUM(F7:F10) -> 0 | D31: =SUM(E7:E10)*10 -> 50 | E31: =IF(D31=0,0,C31/D31) -> 0
A32: Gebouwtechnische geschiktheid | C32: =SUM(F12:F15) -> 0 | D32: =SUM(E12:E15)*10 -> 57 | E32: =IF(D32=0,0,C32/D32) -> 0
A33: Financiële haalbaarheid | C33: =SUM(F17:F18) -> 0 | D33: =SUM(E17:E18)*10 -> 27 | E33: =IF(D33=0,0,C33/D33) -> 0
A34: Leefomgeving & zorg | C34: =SUM(F20:F23) -> 0 | D34: =SUM(E20:E23)*10 -> 35 | E34: =IF(D34=0,0,C34/D34) -> 0
A35: Juridisch-planologisch | C35: =F25 -> 0 | D35: =SUM(E25:E25)*10 -> 12 | E35: =IF(D35=0,0,C35/D35) -> 0
A36: Organisatiekenmerken | C36: =F27 -> 0 | D36: =SUM(E27:E27)*10 -> 10 | E36: =IF(D36=0,0,C36/D36) -> 0
A37: Totaalscore | C37: =SUM(C31:C36) -> 0 | D37: =SUM(D31:D36) -> 191
A39: ADVIES | C39: =IF(C37/D37*100>=70,"GO — Locatie geschikt voor verdere verkenning",IF(C37/D37*100>=50,"AANDACHT — Locatie heeft potentie maar vraagt nader onderzoek","NO-GO — Locatie voldoet niet aan de minimale eisen")) -> NO-GO — Locatie voldoet niet aan de minimale eisen

Sheet Wegingen
A2: Wegingsfactoren SamenLeefMeter
A3: Pas hier de wegingsfactoren aan. Hoe hoger de factor, hoe zwaarder meegewogen in de eindscore. Aanbevolen bandbreedte: 0,5 – 2,5.
A5: Indicator | C5: Wegingsfactor (aanpasbaar) | D5: Notities / toelichting wegingsfactor
A6: Ligging & bereikbaarheid | C6: 1.5
A7: Nabijheid voorzieningen | C7: 1.2
A8: Sociaal-demografisch profiel | C8: 1
A9: Doelgroep & zorgzwaarte | C9: 1.3
A10: Constructie & stramienmaat | C10: 2
A11: Technische staat & levensduur | C11: 1.5
A12: Energielabel & duurzaamheid | C12: 1.2
A13: Aanpasbaarheid & flexibiliteit | C13: 1
A14: Transformatiekosten vs. nieuwbouw | C14: 1.5
A15: Businesscase & opbrengstpotentie | C15: 1.2
A16: Zorgmarkt & zorgaanbod omgeving | C16: 1
A17: Leefbaarheid & gemeenschap | C17: 0.8
... A21: Strategische horizon organisatie | C21: 1
A23: Totaal | C23: =SUM(C6:C21) -> 19.1

Sheet Vergelijking
A2: Locatievergelijking SamenLeefMeter
A3: Voer per locatie de totaalscores en categoriesscores in om locaties te vergelijken. Dit tabblad is handmatig invulbaar.
A5: Criterium | B5: Locatie 1 | C5: Locatie 2 | D5: Locatie 3 | E5: Locatie 4 | F5: Beste locatie
A6: Locatienaam | B6: — vul locatienaam in — | C6: — vul locatienaam in — | D6: — vul locatienaam in — | E6: — vul locatienaam in —
A7: Totaalscore (max. 100) | F7: =IF(MAX(B7:E7)=0,"—",INDEX(B6:E6,MATCH(MAX(B7:E7),B7:E7,0))) -> —
A8: Locatiekenmerken | F8: =IF(MAX(B8:E8)=0,"—",INDEX(B7:E7,MATCH(MAX(B8:E8),B8:E8,0))) -> —
A9: Gebouwtechnische geschiktheid | F9: =IF(MAX(B9:E9)=0,"—",INDEX(B8:E8,MATCH(MAX(B9:E9),B9:E9,0))) -> —
A10: Financiële haalbaarheid | F10: =IF(MAX(B10:E10)=0,"—",INDEX(B9:E9,MATCH(MAX(B10:E10),B10:E10,0))) -> —
A11: Leefomgeving & zorg | F11: =IF(MAX(B11:E11)=0,"—",INDEX(B10:E10,MATCH(MAX(B11:E11),B11:E11,0))) -> —
A12: Juridisch-planologisch | F12: =IF(MAX(B12:E12)=0,"—",INDEX(B11:E11,MATCH(MAX(B12:E12),B12:E12,0))) -> —
A13: Organisatiekenmerken | F13: =IF(MAX(B13:E13)=0,"—",INDEX(B12:E12,MATCH(MAX(B13:E13),B13:E13,0))) -> —
A14: Advies (GO / AANDACHT / NO-GO)
